{
  "version": 1,
  "resolution": 1024,
  "worldSize": 2000,
  "originX": 0,
  "originZ": 0,
  "minHeight": -25.4423861137423,
  "maxHeight": 25.191051124047668
}