{
  "version": 1,
  "resolution": 1024,
  "worldSize": 2000,
  "originX": 0,
  "originZ": 0,
  "minHeight": -15.294921875,
  "maxHeight": 166.47264099121094
}